state,type,id,year,incidents,fatalities
AL,I,65,1990,37,44
AL,I,65,1995,25,29
AL,I,65,2000,57,61
AL,I,65,2005,55,65
AL,I,65,2010,22,27
AL,I,65,2015,34,37
AL,I,59,1990,29,34
AL,I,59,1995,16,20
AL,I,59,2000,29,31
AL,I,59,2005,17,20
AL,I,59,2010,33,33
AL,I,59,2015,22,23
AL,I,10,1990,5,5
AL,I,10,1995,12,13
AL,I,10,2000,11,12
AL,I,10,2005,10,12
AL,I,10,2010,9,11
AL,I,10,2015,7,7
AL,I,85,1990,7,8
AL,I,85,1995,10,12
AL,I,85,2000,14,17
AL,I,85,2005,11,15
AL,I,85,2010,11,11
AL,I,85,2015,11,11
AL,I,20,1990,8,9
AL,I,20,1995,15,20
AL,I,20,2000,12,13
AL,I,20,2005,12,17
AL,I,20,2010,12,13
AL,I,20,2015,8,9
AL,I,759,1990,1,1
AL,I,759,2000,1,1
AL,I,459,1990,3,3
AL,I,459,1995,3,3
AL,I,459,2000,3,3
AL,I,459,2005,4,4
AL,I,459,2010,4,4
AL,I,459,2015,4,4
AZ,I,10,1990,62,70
AZ,I,10,1995,60,75
AZ,I,10,2000,87,112
AZ,I,10,2005,96,115
AZ,I,10,2010,54,69
AZ,I,10,2015,54,62
AZ,I,19,1990,9,9
AZ,I,19,1995,2,2
AZ,I,19,2000,5,5
AZ,I,19,2005,10,10
AZ,I,19,2010,11,13
AZ,I,19,2015,2,2
AZ,I,40,1990,31,34
AZ,I,40,1995,31,41
AZ,I,40,2000,45,50
AZ,I,40,2005,37,49
AZ,I,40,2010,22,26
AZ,I,40,2015,33,41
AZ,I,17,1990,17,19
AZ,I,17,1995,24,27
AZ,I,17,2000,32,38
AZ,I,17,2005,39,46
AZ,I,17,2010,22,24
AZ,I,17,2015,21,24
AZ,I,8,1990,9,11
AZ,I,8,1995,11,13
AZ,I,8,2000,13,17
AZ,I,8,2005,11,13
AZ,I,8,2010,4,4
AZ,I,8,2015,6,6
AZ,I,15,1990,4,4
AZ,I,15,1995,4,4
AZ,I,15,2000,2,3
AZ,I,15,2005,7,8
AZ,I,15,2010,4,5
AZ,I,15,2015,3,3
AR,I,30,1990,20,23
AR,I,30,1995,13,14
AR,I,30,2000,34,41
AR,I,30,2005,22,27
AR,I,30,2010,22,26
AR,I,30,2015,14,14
AR,I,540,1990,3,4
AR,I,540,2000,5,5
AR,I,540,2005,8,9
AR,I,540,2010,6,6
AR,I,540,2015,1,1
AR,I,55,1990,8,9
AR,I,55,1995,4,4
AR,I,55,2000,7,7
AR,I,55,2005,6,7
AR,I,55,2010,4,5
AR,I,55,2015,6,10
AR,I,430,1990,1,1
AR,I,430,2000,4,8
AR,I,430,2005,1,1
AR,I,430,2010,4,4
AR,I,430,2015,2,2
AR,I,40,1990,17,18
AR,I,40,1995,18,23
AR,I,40,2000,34,41
AR,I,40,2005,32,36
AR,I,40,2010,23,29
AR,I,40,2015,24,32
AR,I,440,1990,1,1
AR,I,440,2000,3,3
AR,I,440,2005,2,3
AR,I,440,2015,1,1
AR,I,630,1990,1,1
AR,I,630,1995,1,1
AR,I,630,2005,1,1
AR,I,630,2015,3,4
CA,I,880,1990,13,15
CA,I,880,1995,5,5
CA,I,880,2000,16,18
CA,I,880,2005,12,12
CA,I,880,2010,8,8
CA,I,880,2015,14,14
CA,I,5,1990,213,246
CA,I,5,1995,150,191
CA,I,5,2000,162,181
CA,I,5,2005,159,191
CA,I,5,2010,98,115
CA,I,5,2015,116,124
CA,I,15,1990,94,110
CA,I,15,1995,74,96
CA,I,15,2000,88,103
CA,I,15,2005,94,109
CA,I,15,2010,51,56
CA,I,15,2015,50,63
CA,I,605,1990,18,20
CA,I,605,1995,8,8
CA,I,605,2000,10,11
CA,I,605,2005,6,6
CA,I,605,2010,9,11
CA,I,605,2015,12,13
CA,I,8,1990,32,33
CA,I,8,1995,31,35
CA,I,8,2000,28,37
CA,I,8,2005,30,31
CA,I,8,2010,16,18
CA,I,8,2015,13,14
CA,I,10,1990,64,79
CA,I,10,1995,57,72
CA,I,10,2000,63,72
CA,I,10,2005,60,68
CA,I,10,2010,50,52
CA,I,10,2015,37,45
CA,I,80,1990,32,38
CA,I,80,1995,27,29
CA,I,80,2000,28,31
CA,I,80,2005,49,61
CA,I,80,2010,35,36
CA,I,80,2015,37,43
CA,I,215,1990,23,29
CA,I,215,1995,10,12
CA,I,215,2000,10,14
CA,I,215,2005,19,21
CA,I,215,2010,7,7
CA,I,215,2015,13,13
CA,I,280,1990,17,23
CA,I,280,1995,10,10
CA,I,280,2000,7,7
CA,I,280,2005,12,13
CA,I,280,2010,5,6
CA,I,280,2015,9,9
CA,I,805,1990,13,13
CA,I,805,1995,8,9
CA,I,805,2000,18,20
CA,I,805,2005,13,15
CA,I,805,2010,9,10
CA,I,805,2015,7,9
CA,I,580,1990,12,16
CA,I,580,1995,18,20
CA,I,580,2000,19,21
CA,I,580,2005,16,21
CA,I,580,2010,9,10
CA,I,580,2015,17,19
CA,I,40,1990,14,14
CA,I,40,1995,13,20
CA,I,40,2000,10,14
CA,I,40,2005,17,30
CA,I,40,2010,14,15
CA,I,40,2015,7,7
CA,I,210,1990,15,16
CA,I,210,1995,10,10
CA,I,210,2000,13,15
CA,I,210,2005,16,17
CA,I,210,2010,10,10
CA,I,210,2015,9,9
CA,I,405,1990,28,31
CA,I,405,1995,19,21
CA,I,405,2000,22,24
CA,I,405,2005,15,17
CA,I,405,2010,11,11
CA,I,405,2015,29,30
CA,I,110,1990,16,19
CA,I,110,1995,10,10
CA,I,110,2000,7,7
CA,I,110,2005,13,14
CA,I,110,2010,6,6
CA,I,110,2015,6,6
CA,I,505,1990,2,3
CA,I,505,2005,4,4
CA,I,505,2010,2,3
CA,I,505,2015,1,4
CA,I,680,1990,16,19
CA,I,680,1995,11,14
CA,I,680,2000,14,15
CA,I,680,2005,15,20
CA,I,680,2010,5,6
CA,I,680,2015,10,11
CA,I,105,1990,7,7
CA,I,105,1995,3,3
CA,I,105,2000,6,6
CA,I,105,2005,8,8
CA,I,105,2010,2,2
CA,I,105,2015,1,1
CA,I,710,1990,17,21
CA,I,710,1995,18,20
CA,I,710,2000,13,13
CA,I,710,2005,16,16
CA,I,710,2010,10,10
CA,I,710,2015,5,5
CA,I,205,1990,4,4
CA,I,205,1995,3,3
CA,I,205,2000,5,5
CA,I,205,2005,3,3
CA,I,205,2010,1,1
CA,I,205,2015,2,2
CA,I,238,1990,1,1
CA,I,238,2005,1,1
CO,I,225,1990,4,5
CO,I,225,1995,2,2
CO,I,225,2000,1,1
CO,I,225,2005,2,2
CO,I,225,2010,2,2
CO,I,225,2015,3,4
CO,I,25,1990,49,55
CO,I,25,1995,56,64
CO,I,25,2000,52,56
CO,I,25,2005,33,34
CO,I,25,2010,34,36
CO,I,25,2015,32,35
CO,I,70,1990,29,32
CO,I,70,1995,50,56
CO,I,70,2000,41,46
CO,I,70,2005,33,35
CO,I,70,2010,21,26
CO,I,70,2015,33,35
CO,I,76,1990,9,12
CO,I,76,1995,3,5
CO,I,76,2000,16,22
CO,I,76,2005,9,11
CO,I,76,2010,10,10
CO,I,76,2015,14,16
CO,I,270,1990,1,1
CO,I,270,1995,2,3
CO,I,270,2005,3,3
CO,I,270,2010,1,1
CO,I,270,2015,1,1
CT,I,95,1990,19,22
CT,I,95,1995,16,18
CT,I,95,2000,19,25
CT,I,95,2005,14,14
CT,I,95,2010,24,26
CT,I,95,2015,16,19
CT,I,84,1990,10,10
CT,I,84,1995,13,14
CT,I,84,2000,17,19
CT,I,84,2005,9,9
CT,I,84,2010,14,17
CT,I,84,2015,14,15
CT,I,91,1990,12,13
CT,I,91,1995,7,11
CT,I,91,2000,6,6
CT,I,91,2005,9,11
CT,I,91,2010,19,21
CT,I,91,2015,12,12
CT,I,384,1990,1,1
CT,I,384,1995,1,1
CT,I,384,2000,2,2
CT,I,384,2005,2,2
CT,I,691,1990,1,1
CT,I,691,2005,1,1
CT,I,691,2010,1,1
CT,I,691,2015,2,2
CT,I,395,1990,2,2
CT,I,395,1995,1,1
CT,I,395,2000,4,4
CT,I,395,2005,1,1
CT,I,395,2010,4,4
CT,I,395,2015,5,6
DC,I,295,1990,2,3
DC,I,295,1995,2,2
DC,I,295,2000,1,1
DC,I,295,2005,2,4
DC,I,295,2010,3,3
DC,I,395,1990,1,1
DC,I,395,1995,1,1
DC,I,395,2005,1,1
FL,I,95,1990,67,77
FL,I,95,1995,84,96
FL,I,95,2000,105,116
FL,I,95,2005,140,161
FL,I,95,2010,91,110
FL,I,95,2015,86,99
FL,I,395,1990,1,1
FL,I,395,1995,4,5
FL,I,395,2005,4,4
FL,I,395,2010,4,4
FL,I,75,1990,38,48
FL,I,75,1995,58,62
FL,I,75,2000,110,121
FL,I,75,2005,130,161
FL,I,75,2010,71,79
FL,I,75,2015,84,93
FL,I,10,1990,27,36
FL,I,10,1995,22,27
FL,I,10,2000,41,48
FL,I,10,2005,52,60
FL,I,10,2010,36,42
FL,I,10,2015,36,48
FL,I,4,1990,44,53
FL,I,4,1995,22,31
FL,I,4,2000,26,31
FL,I,4,2005,50,57
FL,I,4,2010,20,21
FL,I,4,2015,29,30
FL,I,295,1990,21,25
FL,I,295,1995,8,8
FL,I,295,2000,13,15
FL,I,295,2005,11,13
FL,I,295,2010,13,14
FL,I,295,2015,12,15
FL,I,275,1990,8,8
FL,I,275,1995,4,4
FL,I,275,2000,13,13
FL,I,275,2005,15,16
FL,I,275,2010,14,14
FL,I,275,2015,6,6
FL,I,195,1990,1,1
FL,I,195,2000,1,1
FL,I,195,2005,2,3
FL,I,195,2010,2,2
FL,I,195,2015,2,2
FL,I,595,1990,5,5
FL,I,595,1995,17,18
FL,I,595,2000,7,7
FL,I,595,2005,15,16
FL,I,595,2010,5,5
FL,I,595,2015,6,6
FL,I,375,1990,1,1
FL,I,375,2010,2,2
GA,I,185,1990,5,5
GA,I,185,1995,6,7
GA,I,185,2000,4,4
GA,I,185,2005,5,5
GA,I,185,2010,4,5
GA,I,185,2015,2,3
GA,I,75,1990,61,73
GA,I,75,1995,53,67
GA,I,75,2000,65,74
GA,I,75,2005,64,69
GA,I,75,2010,44,49
GA,I,75,2015,60,62
GA,I,95,1990,18,19
GA,I,95,1995,7,10
GA,I,95,2000,22,28
GA,I,95,2005,10,14
GA,I,95,2010,16,21
GA,I,95,2015,7,10
GA,I,285,1990,17,18
GA,I,285,1995,17,20
GA,I,285,2000,21,23
GA,I,285,2005,14,18
GA,I,285,2010,16,16
GA,I,285,2015,21,22
GA,I,20,1990,29,32
GA,I,20,1995,21,25
GA,I,20,2000,42,51
GA,I,20,2005,26,34
GA,I,20,2010,27,33
GA,I,20,2015,28,32
GA,I,85,1990,20,21
GA,I,85,1995,15,16
GA,I,85,2000,26,31
GA,I,85,2005,27,32
GA,I,85,2010,15,15
GA,I,85,2015,22,25
GA,I,516,1990,2,2
GA,I,516,1995,2,2
GA,I,516,2005,4,4
GA,I,516,2010,2,3
GA,I,516,2015,3,4
GA,I,575,1990,4,4
GA,I,575,1995,2,2
GA,I,575,2000,3,4
GA,I,575,2005,6,6
GA,I,575,2010,5,5
GA,I,575,2015,1,1
GA,I,475,1990,1,1
GA,I,475,2005,3,3
GA,I,475,2010,1,1
GA,I,475,2015,1,1
GA,I,16,1990,6,6
GA,I,16,1995,6,7
GA,I,16,2000,13,19
GA,I,16,2005,11,13
GA,I,16,2010,16,16
GA,I,16,2015,14,27
GA,I,675,1990,1,1
GA,I,675,1995,4,4
GA,I,675,2000,4,4
GA,I,675,2005,2,2
GA,I,675,2010,1,1
GA,I,675,2015,2,2
GA,I,985,1990,1,1
GA,I,985,1995,2,2
GA,I,985,2000,6,6
GA,I,985,2005,3,3
GA,I,985,2010,1,2
GA,I,985,2015,4,4
ID,I,86,1990,3,3
ID,I,86,1995,1,1
ID,I,86,2000,2,3
ID,I,86,2005,2,2
ID,I,86,2010,2,3
ID,I,86,2015,2,2
ID,I,84,1990,12,15
ID,I,84,1995,22,25
ID,I,84,2000,30,34
ID,I,84,2005,24,26
ID,I,84,2010,16,23
ID,I,84,2015,18,21
ID,I,90,1990,7,7
ID,I,90,1995,1,1
ID,I,90,2000,6,6
ID,I,90,2005,1,1
ID,I,90,2010,2,2
ID,I,90,2015,4,5
ID,I,15,1990,6,7
ID,I,15,1995,10,11
ID,I,15,2000,8,9
ID,I,15,2005,9,11
ID,I,15,2010,8,8
ID,I,15,2015,12,12
IL,I,90,1990,17,17
IL,I,90,1995,19,20
IL,I,90,2000,10,16
IL,I,90,2005,17,23
IL,I,90,2010,12,13
IL,I,90,2015,9,9
IL,I,290,1990,12,15
IL,I,290,1995,8,9
IL,I,290,2000,7,8
IL,I,290,2005,9,10
IL,I,290,2010,2,2
IL,I,290,2015,9,10
IL,I,55,1990,55,63
IL,I,55,1995,26,32
IL,I,55,2000,34,38
IL,I,55,2005,30,30
IL,I,55,2010,19,20
IL,I,55,2015,28,31
IL,I,70,1990,4,4
IL,I,70,1995,7,8
IL,I,70,2000,4,4
IL,I,70,2005,7,9
IL,I,70,2010,8,9
IL,I,70,2015,5,6
IL,I,94,1990,23,25
IL,I,94,1995,24,26
IL,I,94,2000,25,31
IL,I,94,2005,20,21
IL,I,94,2010,8,9
IL,I,94,2015,9,9
IL,I,57,1990,24,33
IL,I,57,1995,25,37
IL,I,57,2000,31,36
IL,I,57,2005,26,35
IL,I,57,2010,31,36
IL,I,57,2015,13,13
IL,I,80,1990,16,23
IL,I,80,1995,11,13
IL,I,80,2000,22,23
IL,I,80,2005,15,16
IL,I,80,2010,9,9
IL,I,80,2015,6,7
IL,I,294,1990,9,10
IL,I,294,1995,9,9
IL,I,294,2000,9,10
IL,I,294,2005,10,10
IL,I,294,2010,3,4
IL,I,294,2015,4,4
IL,I,74,1990,11,13
IL,I,74,1995,13,13
IL,I,74,2000,10,11
IL,I,74,2005,8,9
IL,I,74,2010,8,10
IL,I,74,2015,7,8
IL,I,280,1990,1,1
IL,I,280,1995,1,3
IL,I,64,1990,7,9
IL,I,64,1995,4,4
IL,I,64,2000,5,6
IL,I,64,2005,1,1
IL,I,64,2010,4,5
IL,I,64,2015,6,7
IL,I,24,1990,3,4
IL,I,24,1995,2,2
IL,I,24,2005,5,7
IL,I,24,2010,2,3
IL,I,24,2015,1,1
IL,I,88,1990,4,4
IL,I,88,1995,3,5
IL,I,88,2000,6,6
IL,I,88,2005,6,7
IL,I,88,2010,2,3
IL,I,88,2015,3,3
IL,I,255,1990,3,3
IL,I,255,1995,1,2
IL,I,255,2000,1,1
IL,I,255,2005,3,3
IL,I,255,2010,2,2
IL,I,255,2015,3,4
IL,I,355,1990,1,1
IL,I,355,2000,4,5
IL,I,355,2005,1,1
IL,I,355,2015,2,2
IL,I,180,1990,1,2
IL,I,72,1990,2,2
IL,I,72,1995,2,4
IL,I,72,2000,7,9
IL,I,72,2005,3,4
IL,I,72,2015,4,4
IN,I,65,1990,33,43
IN,I,65,1995,30,37
IN,I,65,2000,21,23
IN,I,65,2005,37,40
IN,I,65,2010,26,31
IN,I,65,2015,20,26
IN,I,70,1990,14,18
IN,I,70,1995,17,20
IN,I,70,2000,11,12
IN,I,70,2005,20,20
IN,I,70,2010,7,7
IN,I,70,2015,17,18
IN,I,465,1990,8,9
IN,I,465,1995,11,12
IN,I,465,2000,5,5
IN,I,465,2005,6,6
IN,I,465,2010,3,3
IN,I,465,2015,7,9
IN,I,69,1990,3,3
IN,I,69,1995,5,7
IN,I,69,2000,3,3
IN,I,69,2005,10,13
IN,I,69,2010,3,3
IN,I,69,2015,12,14
IN,I,80,1990,7,7
IN,I,80,1995,11,13
IN,I,80,2000,16,20
IN,I,80,2005,12,16
IN,I,80,2010,5,5
IN,I,80,2015,6,9
IN,I,64,1990,3,5
IN,I,64,1995,3,3
IN,I,64,2000,3,4
IN,I,64,2005,1,1
IN,I,64,2010,2,2
IN,I,64,2015,4,4
IN,I,74,1990,7,8
IN,I,74,1995,6,8
IN,I,74,2000,6,9
IN,I,74,2005,9,10
IN,I,74,2010,5,6
IN,I,74,2015,7,8
IN,I,94,1990,6,13
IN,I,94,2000,4,4
IN,I,94,2005,4,4
IN,I,94,2010,3,3
IN,I,90,1990,1,1
IN,I,90,1995,3,3
IN,I,90,2000,4,4
IN,I,90,2005,3,3
IN,I,90,2010,1,1
IN,I,90,2015,2,2
IN,I,469,1990,1,1
IN,I,469,2000,1,1
IN,I,469,2015,2,2
IA,I,235,1990,3,3
IA,I,235,2000,1,1
IA,I,235,2005,1,1
IA,I,235,2010,3,3
IA,I,80,1990,15,16
IA,I,80,1995,11,15
IA,I,80,2000,24,29
IA,I,80,2005,21,26
IA,I,80,2010,19,26
IA,I,80,2015,11,14
IA,I,35,1990,6,7
IA,I,35,1995,4,4
IA,I,35,2000,10,14
IA,I,35,2005,12,16
IA,I,35,2010,11,11
IA,I,35,2015,4,6
IA,I,29,1990,6,8
IA,I,29,1995,6,8
IA,I,29,2000,7,7
IA,I,29,2005,4,4
IA,I,29,2010,11,14
IA,I,29,2015,6,7
IA,I,380,1990,1,1
IA,I,380,1995,2,3
IA,I,380,2000,1,1
IA,I,380,2005,4,6
IA,I,380,2010,2,2
IA,I,380,2015,2,2
IA,I,680,1990,1,1
IA,I,680,2000,1,1
IA,I,680,2015,1,1
KS,I,635,1990,1,1
KS,I,635,1995,2,2
KS,I,635,2000,1,1
KS,I,635,2005,2,2
KS,I,135,1990,5,8
KS,I,135,1995,11,12
KS,I,135,2000,4,4
KS,I,135,2005,2,3
KS,I,135,2010,3,3
KS,I,135,2015,7,7
KS,I,70,1990,15,17
KS,I,70,1995,18,21
KS,I,70,2000,20,23
KS,I,70,2005,10,11
KS,I,70,2010,17,19
KS,I,70,2015,12,14
KS,I,35,1990,12,17
KS,I,35,1995,8,9
KS,I,35,2000,12,13
KS,I,35,2005,12,15
KS,I,35,2010,11,18
KS,I,35,2015,8,10
KS,I,435,1990,3,3
KS,I,435,1995,1,1
KS,I,435,2000,4,4
KS,I,435,2005,1,1
KS,I,435,2010,2,2
KS,I,335,1990,1,1
KS,I,335,2005,1,1
KS,I,335,2015,2,2
KS,I,235,1990,1,1
KS,I,235,2005,8,9
KS,I,235,2010,2,2
KS,I,235,2015,1,1
KY,I,65,1990,16,20
KY,I,65,1995,12,20
KY,I,65,2000,20,27
KY,I,65,2005,23,27
KY,I,65,2010,14,24
KY,I,65,2015,13,13
KY,I,75,1990,18,20
KY,I,75,1995,7,10
KY,I,75,2000,9,9
KY,I,75,2005,21,27
KY,I,75,2010,20,20
KY,I,75,2015,20,22
KY,I,264,1990,4,6
KY,I,264,1995,3,5
KY,I,264,2000,4,4
KY,I,264,2005,2,2
KY,I,264,2010,3,3
KY,I,264,2015,3,3
KY,I,71,1990,4,6
KY,I,71,1995,3,3
KY,I,71,2000,6,8
KY,I,71,2005,11,15
KY,I,71,2010,4,6
KY,I,71,2015,7,7
KY,I,24,1990,1,1
KY,I,24,1995,5,5
KY,I,24,2000,6,7
KY,I,24,2005,6,7
KY,I,24,2010,4,5
KY,I,24,2015,4,4
KY,I,64,1990,14,14
KY,I,64,1995,13,18
KY,I,64,2000,18,21
KY,I,64,2005,11,12
KY,I,64,2010,21,24
KY,I,64,2015,17,17
KY,I,265,1990,1,1
KY,I,265,1995,3,3
KY,I,265,2000,2,2
KY,I,265,2005,5,9
KY,I,265,2010,3,3
KY,I,265,2015,3,3
LA,I,10,1990,41,50
LA,I,10,1995,37,45
LA,I,10,2000,51,60
LA,I,10,2005,50,62
LA,I,10,2010,44,54
LA,I,10,2015,40,47
LA,I,110,1990,1,1
LA,I,110,1995,1,1
LA,I,110,2000,3,4
LA,I,110,2005,1,1
LA,I,110,2010,2,2
LA,I,110,2015,1,1
LA,I,55,1990,5,5
LA,I,55,1995,4,4
LA,I,55,2000,9,12
LA,I,55,2005,12,15
LA,I,55,2010,10,13
LA,I,55,2015,4,4
LA,I,20,1990,16,25
LA,I,20,1995,18,20
LA,I,20,2000,22,25
LA,I,20,2005,21,24
LA,I,20,2010,23,26
LA,I,20,2015,17,18
LA,I,59,1990,2,2
LA,I,59,1995,1,1
LA,I,59,2000,1,2
LA,I,59,2005,2,2
LA,I,59,2010,1,4
LA,I,59,2015,1,1
LA,I,12,1990,12,15
LA,I,12,1995,6,8
LA,I,12,2000,14,15
LA,I,12,2005,22,27
LA,I,12,2010,10,10
LA,I,12,2015,7,7
LA,I,49,1990,4,4
LA,I,49,1995,5,5
LA,I,49,2000,14,14
LA,I,49,2005,15,18
LA,I,49,2010,10,10
LA,I,49,2015,12,15
LA,I,610,1990,3,3
LA,I,610,1995,3,3
LA,I,610,2010,1,2
LA,I,610,2015,1,1
ME,I,95,1990,8,9
ME,I,95,1995,8,11
ME,I,95,2000,7,7
ME,I,95,2005,9,11
ME,I,95,2010,7,7
ME,I,95,2015,9,9
ME,I,495,1990,4,6
ME,I,495,1995,1,1
ME,I,495,2000,1,1
ME,I,195,1990,1,1
ME,I,195,1995,1,1
MD,I,270,1990,6,7
MD,I,270,1995,3,3
MD,I,270,2000,3,4
MD,I,270,2005,4,4
MD,I,270,2010,1,1
MD,I,270,2015,3,3
MD,I,95,1990,27,29
MD,I,95,1995,21,23
MD,I,95,2000,23,26
MD,I,95,2005,17,20
MD,I,95,2010,12,12
MD,I,95,2015,23,25
MD,I,70,1990,10,12
MD,I,70,1995,5,6
MD,I,70,2000,9,9
MD,I,70,2005,11,13
MD,I,70,2010,9,9
MD,I,70,2015,8,10
MD,I,295,1990,1,1
MD,I,295,2000,1,1
MD,I,295,2005,1,1
MD,I,495,1990,3,3
MD,I,495,1995,4,4
MD,I,495,2000,2,2
MD,I,495,2005,8,9
MD,I,495,2010,2,2
MD,I,495,2015,3,3
MD,I,695,1990,8,9
MD,I,695,1995,5,5
MD,I,695,2000,11,11
MD,I,695,2005,9,9
MD,I,695,2010,6,6
MD,I,695,2015,7,7
MD,I,83,1990,3,4
MD,I,83,1995,4,4
MD,I,83,2000,6,7
MD,I,83,2005,7,7
MD,I,83,2010,3,3
MD,I,83,2015,2,2
MD,I,795,1990,1,1
MD,I,795,2000,4,4
MD,I,795,2005,1,1
MD,I,795,2010,1,1
MD,I,795,2015,1,1
MD,I,68,1990,2,3
MD,I,68,1995,2,2
MD,I,68,2000,1,1
MD,I,68,2005,6,6
MD,I,68,2010,6,9
MD,I,68,2015,2,3
MD,I,81,1990,1,2
MD,I,81,1995,3,3
MD,I,81,2000,4,4
MD,I,81,2005,1,1
MD,I,81,2010,2,2
MD,I,195,1990,1,1
MD,I,195,1995,1,1
MA,I,90,1990,27,30
MA,I,90,1995,16,19
MA,I,90,2000,8,9
MA,I,90,2005,6,6
MA,I,90,2010,3,4
MA,I,90,2015,9,12
MA,I,495,1990,38,39
MA,I,495,1995,18,19
MA,I,495,2000,18,21
MA,I,495,2005,21,21
MA,I,495,2010,15,16
MA,I,495,2015,15,15
MA,I,391,1990,1,1
MA,I,391,2000,2,2
MA,I,391,2010,1,1
MA,I,93,1990,19,21
MA,I,93,1995,14,15
MA,I,93,2000,10,10
MA,I,93,2005,12,14
MA,I,93,2010,6,6
MA,I,93,2015,3,3
MA,I,195,1990,15,17
MA,I,195,1995,5,5
MA,I,195,2000,3,3
MA,I,195,2005,7,7
MA,I,195,2010,6,7
MA,I,195,2015,2,3
MA,I,95,1990,12,14
MA,I,95,1995,12,12
MA,I,95,2000,15,19
MA,I,95,2005,12,13
MA,I,95,2010,13,13
MA,I,95,2015,6,6
MA,I,91,1990,9,9
MA,I,91,1995,13,16
MA,I,91,2000,4,4
MA,I,91,2005,3,3
MA,I,91,2010,3,5
MA,I,91,2015,3,3
MA,I,290,1990,4,4
MA,I,290,1995,1,1
MA,I,290,2000,2,2
MA,I,290,2005,4,4
MA,I,290,2010,1,1
MA,I,290,2015,2,2
MA,I,291,1990,2,2
MA,I,291,2015,1,1
MI,I,94,1990,36,41
MI,I,94,1995,46,52
MI,I,94,2000,34,37
MI,I,94,2005,27,32
MI,I,94,2010,31,34
MI,I,94,2015,30,35
MI,I,275,1990,5,7
MI,I,275,2000,2,3
MI,I,275,2005,8,9
MI,I,275,2010,3,3
MI,I,275,2015,2,2
MI,I,69,1990,9,9
MI,I,69,1995,6,7
MI,I,69,2000,11,12
MI,I,69,2005,10,12
MI,I,69,2010,3,3
MI,I,69,2015,6,8
MI,I,75,1990,23,27
MI,I,75,1995,40,44
MI,I,75,2000,34,38
MI,I,75,2005,28,33
MI,I,75,2010,31,34
MI,I,75,2015,20,20
MI,I,696,1990,4,4
MI,I,696,1995,2,2
MI,I,696,2000,4,4
MI,I,696,2005,3,3
MI,I,696,2010,4,4
MI,I,696,2015,1,1
MI,I,96,1990,14,15
MI,I,96,1995,27,29
MI,I,96,2000,23,23
MI,I,96,2005,20,21
MI,I,96,2010,18,19
MI,I,96,2015,13,16
MI,I,475,1990,1,1
MI,I,475,1995,4,5
MI,I,475,2000,3,3
MI,I,475,2005,4,4
MI,I,475,2010,1,1
MI,I,475,2015,1,1
MI,I,675,1990,1,1
MI,I,675,2000,1,1
MI,I,196,1990,7,7
MI,I,196,1995,3,3
MI,I,196,2000,4,4
MI,I,196,2005,3,3
MI,I,196,2010,2,2
MI,I,196,2015,3,4
MN,I,94,1990,20,22
MN,I,94,1995,9,10
MN,I,94,2000,18,19
MN,I,94,2005,19,22
MN,I,94,2010,8,9
MN,I,94,2015,9,10
MN,I,90,1990,4,4
MN,I,90,1995,3,4
MN,I,90,2000,3,3
MN,I,90,2005,8,9
MN,I,90,2010,8,8
MN,I,90,2015,3,4
MN,I,35,1990,15,18
MN,I,35,1995,16,18
MN,I,35,2000,21,22
MN,I,35,2005,23,30
MN,I,35,2010,13,14
MN,I,35,2015,10,10
MN,I,494,1990,7,7
MN,I,494,1995,3,4
MN,I,494,2000,4,5
MN,I,494,2005,1,1
MN,I,494,2010,1,1
MN,I,694,1990,1,1
MN,I,694,1995,1,1
MN,I,694,2005,3,3
MN,I,694,2010,1,1
MN,I,694,2015,3,3
MS,I,55,1990,16,18
MS,I,55,1995,37,43
MS,I,55,2000,44,54
MS,I,55,2005,36,43
MS,I,55,2010,28,32
MS,I,55,2015,28,35
MS,I,20,1990,14,14
MS,I,20,1995,10,12
MS,I,20,2000,26,30
MS,I,20,2005,25,27
MS,I,20,2010,18,22
MS,I,20,2015,12,12
MS,I,59,1990,12,17
MS,I,59,1995,9,9
MS,I,59,2000,19,22
MS,I,59,2005,22,25
MS,I,59,2010,12,13
MS,I,59,2015,10,12
MS,I,10,1990,8,11
MS,I,10,1995,9,15
MS,I,10,2000,13,19
MS,I,10,2005,10,10
MS,I,10,2010,9,13
MS,I,10,2015,11,12
MO,I,70,1990,38,43
MO,I,70,1995,45,50
MO,I,70,2000,50,62
MO,I,70,2005,54,61
MO,I,70,2010,27,27
MO,I,70,2015,40,43
MO,I,270,1990,17,19
MO,I,270,1995,6,6
MO,I,270,2000,5,5
MO,I,270,2005,8,8
MO,I,270,2010,7,7
MO,I,270,2015,8,8
MO,I,44,1990,38,54
MO,I,44,1995,22,25
MO,I,44,2000,48,64
MO,I,44,2005,52,70
MO,I,44,2010,24,26
MO,I,44,2015,18,22
MO,I,55,1990,22,27
MO,I,55,1995,19,23
MO,I,55,2000,31,36
MO,I,55,2005,23,27
MO,I,55,2010,15,19
MO,I,55,2015,19,19
MO,I,29,1990,4,5
MO,I,29,1995,9,11
MO,I,29,2000,11,21
MO,I,29,2005,14,16
MO,I,29,2010,9,9
MO,I,29,2015,7,7
MO,I,35,1990,5,7
MO,I,35,1995,7,7
MO,I,35,2000,11,12
MO,I,35,2005,11,11
MO,I,35,2010,4,4
MO,I,35,2015,4,4
MO,I,64,1990,2,3
MO,I,64,1995,3,3
MO,I,64,2000,3,3
MO,I,64,2005,4,5
MO,I,64,2010,2,2
MO,I,64,2015,1,1
MO,I,435,1990,3,3
MO,I,435,1995,5,5
MO,I,435,2000,10,11
MO,I,435,2005,8,8
MO,I,435,2010,6,6
MO,I,435,2015,10,10
MO,I,170,1990,2,2
MO,I,170,1995,2,2
MO,I,170,2000,2,3
MO,I,170,2005,2,3
MO,I,170,2015,2,2
MO,I,229,1990,1,1
MO,I,229,2000,1,1
MO,I,229,2005,1,1
MO,I,470,1990,2,2
MO,I,470,2000,3,3
MO,I,470,2005,1,1
MO,I,470,2010,2,2
MO,I,470,2015,1,1
MO,I,255,1990,1,1
MO,I,255,2005,1,1
MO,I,255,2010,1,1
MO,I,255,2015,1,1
MO,I,635,1990,1,1
MO,I,635,2005,2,2
MO,I,155,1990,1,1
MT,I,15,1990,11,12
MT,I,15,1995,9,12
MT,I,15,2000,4,6
MT,I,15,2005,10,12
MT,I,15,2010,5,5
MT,I,15,2015,7,7
MT,I,94,1990,5,7
MT,I,94,1995,6,6
MT,I,94,2000,4,4
MT,I,94,2005,3,4
MT,I,94,2010,6,6
MT,I,94,2015,5,5
MT,I,90,1990,25,27
MT,I,90,1995,18,21
MT,I,90,2000,28,32
MT,I,90,2005,26,28
MT,I,90,2010,20,21
MT,I,90,2015,19,20
NE,I,80,1990,16,17
NE,I,80,1995,19,24
NE,I,80,2000,36,40
NE,I,80,2005,32,43
NE,I,80,2010,27,36
NE,I,80,2015,17,21
NE,I,680,1990,1,1
NE,I,680,2000,1,1
NE,I,680,2005,2,2
NE,I,680,2015,1,1
NV,I,15,1990,25,30
NV,I,15,1995,32,39
NV,I,15,2000,19,34
NV,I,15,2005,23,25
NV,I,15,2010,13,14
NV,I,15,2015,18,19
NV,I,80,1990,27,31
NV,I,80,1995,25,27
NV,I,80,2000,20,23
NV,I,80,2005,22,27
NV,I,80,2010,16,17
NV,I,80,2015,22,25
NH,I,93,1990,8,8
NH,I,93,1995,16,21
NH,I,93,2000,11,12
NH,I,93,2005,8,8
NH,I,93,2010,2,2
NH,I,93,2015,7,8
NJ,I,280,1990,7,7
NJ,I,280,1995,6,7
NJ,I,280,2000,3,3
NJ,I,280,2005,1,1
NJ,I,280,2010,3,3
NJ,I,280,2015,2,2
NJ,I,78,1990,14,16
NJ,I,78,1995,11,12
NJ,I,78,2000,12,12
NJ,I,78,2005,16,16
NJ,I,78,2010,12,12
NJ,I,78,2015,7,8
NJ,I,80,1990,10,10
NJ,I,80,1995,9,9
NJ,I,80,2000,7,7
NJ,I,80,2005,17,17
NJ,I,80,2010,8,9
NJ,I,80,2015,6,9
NJ,I,295,1990,9,9
NJ,I,295,1995,3,5
NJ,I,295,2000,9,11
NJ,I,295,2005,12,12
NJ,I,295,2010,9,9
NJ,I,295,2015,5,6
NJ,I,95,1990,14,19
NJ,I,95,1995,7,7
NJ,I,95,2000,14,17
NJ,I,95,2005,20,23
NJ,I,95,2010,19,19
NJ,I,95,2015,15,18
NJ,I,76,1990,2,4
NJ,I,76,2010,2,2
NJ,I,287,1990,1,2
NJ,I,287,1995,5,5
NJ,I,287,2000,2,2
NJ,I,287,2005,13,16
NJ,I,287,2010,10,11
NJ,I,287,2015,6,8
NJ,I,676,1990,1,1
NJ,I,676,2000,1,1
NJ,I,676,2005,1,1
NJ,I,676,2010,2,2
NJ,I,676,2015,1,1
NM,I,25,1990,34,37
NM,I,25,1995,35,43
NM,I,25,2000,35,43
NM,I,25,2005,51,57
NM,I,25,2010,21,23
NM,I,25,2015,25,28
NM,I,10,1990,18,20
NM,I,10,1995,16,19
NM,I,10,2000,9,13
NM,I,10,2005,21,27
NM,I,10,2010,17,17
NM,I,10,2015,6,7
NM,I,40,1990,31,36
NM,I,40,1995,48,55
NM,I,40,2000,41,48
NM,I,40,2005,53,68
NM,I,40,2010,30,34
NM,I,40,2015,28,34
NY,I,84,1990,6,7
NY,I,84,1995,6,9
NY,I,84,2000,5,5
NY,I,84,2005,7,7
NY,I,84,2010,3,3
NY,I,84,2015,3,4
NY,I,90,1990,17,29
NY,I,90,1995,13,17
NY,I,90,2000,12,14
NY,I,90,2005,8,10
NY,I,90,2010,20,22
NY,I,90,2015,10,12
NY,I,87,1990,40,43
NY,I,87,1995,27,31
NY,I,87,2000,16,19
NY,I,87,2005,19,20
NY,I,87,2010,18,24
NY,I,87,2015,14,17
NY,I,278,1990,19,19
NY,I,278,1995,12,13
NY,I,278,2000,9,11
NY,I,278,2005,3,3
NY,I,278,2010,7,7
NY,I,278,2015,4,4
NY,I,678,1990,10,11
NY,I,678,1995,6,6
NY,I,678,2000,5,5
NY,I,678,2005,4,5
NY,I,678,2010,5,5
NY,I,678,2015,2,2
NY,I,690,1990,1,1
NY,I,690,1995,1,1
NY,I,690,2000,1,1
NY,I,690,2015,2,3
NY,I,81,1990,11,12
NY,I,81,1995,6,6
NY,I,81,2000,9,9
NY,I,81,2005,10,14
NY,I,81,2010,1,1
NY,I,81,2015,9,11
NY,I,95,1990,25,30
NY,I,95,1995,7,9
NY,I,95,2000,10,15
NY,I,95,2005,4,4
NY,I,95,2010,4,5
NY,I,95,2015,5,7
NY,I,190,1990,3,4
NY,I,190,1995,2,2
NY,I,190,2000,2,2
NY,I,190,2005,2,2
NY,I,190,2015,1,1
NY,I,295,1990,3,3
NY,I,295,1995,1,1
NY,I,295,2000,2,2
NY,I,295,2005,3,3
NY,I,684,1990,2,3
NY,I,684,1995,1,1
NY,I,684,2000,3,3
NY,I,684,2005,2,2
NY,I,684,2010,3,4
NY,I,684,2015,3,3
NY,I,495,1990,14,15
NY,I,495,1995,14,16
NY,I,495,2000,11,11
NY,I,495,2005,9,11
NY,I,495,2010,10,10
NY,I,495,2015,7,7
NY,I,895,1990,2,3
NY,I,895,1995,1,1
NY,I,790,1990,2,2
NY,I,790,1995,1,1
NY,I,890,1990,2,7
NY,I,890,2000,2,2
NY,I,287,1990,4,4
NY,I,287,1995,1,1
NY,I,287,2000,2,2
NY,I,287,2010,1,1
NY,I,287,2015,1,1
NY,I,787,1990,2,2
NY,I,787,1995,1,1
NY,I,787,2000,1,1
NY,I,787,2005,2,2
NY,I,787,2010,2,2
NY,I,390,1990,1,1
NY,I,390,1995,2,2
NY,I,390,2000,5,6
NY,I,390,2005,3,7
NY,I,390,2010,1,1
NY,I,390,2015,1,1
NY,I,290,1990,1,1
NY,I,290,2000,1,1
NY,I,88,1990,1,1
NY,I,88,2000,1,1
NY,I,88,2005,2,2
NY,I,88,2010,3,3
NY,I,88,2015,2,2
NY,I,490,1990,1,1
NY,I,490,1995,2,2
NY,I,490,2000,1,1
NY,I,490,2005,2,3
NY,I,490,2010,1,1
NY,I,490,2015,2,2
NC,I,40,1990,28,34
NC,I,40,1995,33,41
NC,I,40,2000,42,46
NC,I,40,2005,34,39
NC,I,40,2010,45,49
NC,I,40,2015,29,33
NC,I,85,1990,34,41
NC,I,85,1995,20,24
NC,I,85,2000,25,30
NC,I,85,2005,27,30
NC,I,85,2010,23,23
NC,I,85,2015,23,26
NC,I,95,1990,22,31
NC,I,95,1995,32,41
NC,I,95,2000,35,45
NC,I,95,2005,35,46
NC,I,95,2010,26,31
NC,I,95,2015,10,14
NC,I,26,1990,1,1
NC,I,26,1995,3,3
NC,I,26,2000,4,4
NC,I,26,2005,3,3
NC,I,26,2010,4,8
NC,I,26,2015,4,4
NC,I,77,1990,11,15
NC,I,77,1995,5,5
NC,I,77,2000,8,12
NC,I,77,2005,11,13
NC,I,77,2010,6,7
NC,I,77,2015,10,12
NC,I,277,1990,2,2
NC,I,277,2000,1,1
NC,I,277,2010,1,1
ND,I,94,1990,8,12
ND,I,94,1995,1,1
ND,I,94,2000,3,3
ND,I,94,2005,9,10
ND,I,94,2010,8,9
ND,I,94,2015,12,12
ND,I,29,1990,1,1
ND,I,29,1995,7,7
ND,I,29,2000,3,3
ND,I,29,2005,5,5
ND,I,29,2010,2,2
ND,I,29,2015,2,2
OH,I,70,1990,19,22
OH,I,70,1995,12,14
OH,I,70,2000,20,20
OH,I,70,2005,24,25
OH,I,70,2010,13,22
OH,I,70,2015,22,23
OH,I,270,1990,5,5
OH,I,270,1995,5,6
OH,I,270,2000,8,8
OH,I,270,2005,9,10
OH,I,270,2010,8,8
OH,I,270,2015,7,7
OH,I,271,1990,4,4
OH,I,271,1995,3,3
OH,I,271,2000,1,1
OH,I,271,2005,1,1
OH,I,271,2010,2,2
OH,I,271,2015,3,3
OH,I,71,1990,31,36
OH,I,71,1995,21,27
OH,I,71,2000,21,24
OH,I,71,2005,15,18
OH,I,71,2010,15,15
OH,I,71,2015,29,29
OH,I,90,1990,21,24
OH,I,90,1995,7,8
OH,I,90,2000,10,10
OH,I,90,2005,9,9
OH,I,90,2010,7,7
OH,I,90,2015,6,6
OH,I,75,1990,29,40
OH,I,75,1995,23,27
OH,I,75,2000,19,22
OH,I,75,2005,31,33
OH,I,75,2010,12,14
OH,I,75,2015,16,17
OH,I,77,1990,9,10
OH,I,77,1995,7,10
OH,I,77,2000,8,9
OH,I,77,2005,11,11
OH,I,77,2010,7,8
OH,I,77,2015,4,4
OH,I,275,1990,6,6
OH,I,275,1995,3,3
OH,I,275,2000,7,8
OH,I,275,2005,5,5
OH,I,275,2010,5,6
OH,I,275,2015,6,6
OH,I,80,1990,13,15
OH,I,80,1995,13,15
OH,I,80,2000,11,12
OH,I,80,2005,10,12
OH,I,80,2010,9,12
OH,I,80,2015,13,13
OH,I,480,1990,1,1
OH,I,480,1995,5,5
OH,I,480,2000,2,2
OH,I,480,2005,3,4
OH,I,480,2010,3,4
OH,I,480,2015,4,4
OH,I,280,1990,5,6
OH,I,475,1990,3,3
OH,I,475,2000,5,5
OH,I,475,2005,2,2
OH,I,475,2010,1,1
OH,I,475,2015,1,1
OH,I,76,1990,5,7
OH,I,76,1995,2,3
OH,I,76,2000,6,6
OH,I,76,2005,9,10
OH,I,76,2010,2,2
OH,I,76,2015,6,7
OH,I,490,1990,1,1
OH,I,490,2000,1,1
OH,I,490,2005,1,1
OH,I,490,2010,2,3
OH,I,490,2015,1,1
OH,I,680,1990,2,2
OH,I,680,1995,1,1
OH,I,680,2000,2,2
OH,I,680,2005,1,1
OH,I,680,2010,1,1
OK,I,35,1990,26,30
OK,I,35,1995,30,34
OK,I,35,2000,29,36
OK,I,35,2005,20,23
OK,I,35,2010,20,22
OK,I,35,2015,22,23
OK,I,40,1990,24,26
OK,I,40,1995,20,21
OK,I,40,2000,33,42
OK,I,40,2005,36,43
OK,I,40,2010,21,24
OK,I,40,2015,22,22
OK,I,44,1990,30,36
OK,I,44,1995,23,26
OK,I,44,2000,27,32
OK,I,44,2005,26,31
OK,I,44,2010,20,20
OK,I,44,2015,26,31
OK,I,244,1990,3,3
OK,I,244,1995,2,3
OK,I,244,2000,5,6
OK,I,244,2005,5,5
OK,I,244,2010,2,2
OK,I,244,2015,2,2
OK,I,240,1990,1,1
OK,I,240,1995,4,4
OK,I,240,2000,2,3
OK,I,240,2005,4,4
OK,I,240,2010,2,2
OK,I,240,2015,3,3
OR,I,5,1990,34,42
OR,I,5,1995,39,44
OR,I,5,2000,21,25
OR,I,5,2005,20,23
OR,I,5,2010,15,15
OR,I,5,2015,14,15
OR,I,205,1990,4,5
OR,I,205,1995,2,2
OR,I,205,2000,4,4
OR,I,205,2005,3,3
OR,I,205,2015,3,3
OR,I,405,1990,1,1
OR,I,405,1995,1,1
OR,I,405,2010,1,1
OR,I,405,2015,1,1
OR,I,84,1990,16,21
OR,I,84,1995,14,16
OR,I,84,2000,8,8
OR,I,84,2005,9,11
OR,I,84,2010,10,10
OR,I,84,2015,13,16
PA,I,83,1990,3,3
PA,I,83,1995,2,2
PA,I,83,2000,3,3
PA,I,83,2005,4,4
PA,I,83,2010,4,4
PA,I,83,2015,4,4
PA,I,80,1990,20,25
PA,I,80,1995,16,18
PA,I,80,2000,17,22
PA,I,80,2005,20,22
PA,I,80,2010,27,31
PA,I,80,2015,14,14
PA,I,380,1990,4,5
PA,I,380,1995,3,3
PA,I,380,2005,2,2
PA,I,380,2010,2,3
PA,I,380,2015,1,3
PA,I,90,1990,3,3
PA,I,90,1995,2,2
PA,I,90,2000,4,4
PA,I,90,2005,1,1
PA,I,90,2010,3,3
PA,I,90,2015,1,1
PA,I,81,1990,16,16
PA,I,81,1995,14,15
PA,I,81,2000,16,21
PA,I,81,2005,19,20
PA,I,81,2010,10,10
PA,I,81,2015,14,21
PA,I,276,1990,1,1
PA,I,276,1995,3,3
PA,I,276,2000,2,2
PA,I,276,2005,1,1
PA,I,276,2010,2,2
PA,I,276,2015,1,1
PA,I,76,1990,16,22
PA,I,76,1995,15,18
PA,I,76,2000,11,15
PA,I,76,2005,8,9
PA,I,76,2010,19,19
PA,I,76,2015,12,14
PA,I,79,1990,10,11
PA,I,79,1995,6,9
PA,I,79,2000,10,11
PA,I,79,2005,8,8
PA,I,79,2010,13,14
PA,I,79,2015,6,6
PA,I,78,1990,1,1
PA,I,78,1995,5,5
PA,I,78,2000,5,5
PA,I,78,2005,10,12
PA,I,78,2010,7,8
PA,I,78,2015,10,12
PA,I,84,1990,4,4
PA,I,84,1995,5,6
PA,I,84,2000,3,3
PA,I,84,2005,4,4
PA,I,84,2010,2,2
PA,I,84,2015,1,2
PA,I,95,1990,14,19
PA,I,95,1995,23,25
PA,I,95,2000,17,17
PA,I,95,2005,13,13
PA,I,95,2010,13,15
PA,I,95,2015,9,9
PA,I,70,1990,1,1
PA,I,70,1995,3,3
PA,I,70,2000,7,7
PA,I,70,2005,7,9
PA,I,70,2010,2,3
PA,I,70,2015,6,8
PA,I,180,1990,1,1
PA,I,180,1995,3,3
PA,I,180,2000,1,1
PA,I,180,2010,2,3
PA,I,180,2015,1,1
RI,I,95,1990,4,5
RI,I,95,1995,9,10
RI,I,95,2000,9,12
RI,I,95,2005,7,8
RI,I,95,2010,9,9
RI,I,95,2015,7,7
RI,I,195,1990,2,2
RI,I,195,2000,1,1
RI,I,195,2010,1,1
RI,I,295,1990,1,1
RI,I,295,1995,1,1
RI,I,295,2000,1,1
RI,I,295,2005,7,7
RI,I,295,2010,1,1
RI,I,295,2015,3,3
SC,I,185,1990,2,2
SC,I,185,2005,1,1
SC,I,85,1990,13,15
SC,I,85,1995,14,15
SC,I,85,2000,15,22
SC,I,85,2005,20,22
SC,I,85,2010,7,9
SC,I,85,2015,18,22
SC,I,126,1990,4,5
SC,I,126,1995,1,1
SC,I,77,1990,3,3
SC,I,77,1995,4,5
SC,I,77,2000,11,12
SC,I,77,2005,9,10
SC,I,77,2010,6,7
SC,I,77,2015,8,8
SC,I,95,1990,16,18
SC,I,95,1995,18,21
SC,I,95,2000,37,50
SC,I,95,2005,39,43
SC,I,95,2010,24,28
SC,I,95,2015,26,36
SC,I,26,1990,14,14
SC,I,26,1995,19,20
SC,I,26,2000,36,53
SC,I,26,2005,23,23
SC,I,26,2010,27,29
SC,I,26,2015,40,50
SC,I,385,1990,4,5
SC,I,385,1995,2,4
SC,I,385,2000,6,6
SC,I,385,2005,2,2
SC,I,385,2010,1,1
SC,I,385,2015,2,2
SC,I,20,1990,8,12
SC,I,20,1995,7,8
SC,I,20,2000,18,19
SC,I,20,2005,22,23
SC,I,20,2010,11,12
SC,I,20,2015,11,11
SD,I,90,1990,7,7
SD,I,90,1995,7,8
SD,I,90,2000,14,15
SD,I,90,2005,14,16
SD,I,90,2010,13,15
SD,I,90,2015,16,19
SD,I,29,1990,6,6
SD,I,29,1995,7,7
SD,I,29,2000,4,5
SD,I,29,2005,6,7
SD,I,29,2010,6,7
SD,I,29,2015,9,9
SD,I,229,1990,1,1
SD,I,229,1995,2,3
SD,I,229,2000,1,1
SD,I,229,2005,1,1
SD,I,229,2010,1,1
TN,I,40,1990,30,39
TN,I,40,1995,55,63
TN,I,40,2000,69,80
TN,I,40,2005,61,69
TN,I,40,2010,44,46
TN,I,40,2015,47,53
TN,I,24,1990,24,37
TN,I,24,1995,32,35
TN,I,24,2000,40,51
TN,I,24,2005,36,43
TN,I,24,2010,30,32
TN,I,24,2015,24,24
TN,I,75,1990,23,31
TN,I,75,1995,15,18
TN,I,75,2000,22,24
TN,I,75,2005,18,19
TN,I,75,2010,22,30
TN,I,75,2015,24,30
TN,I,81,1990,6,6
TN,I,81,1995,5,8
TN,I,81,2000,9,9
TN,I,81,2005,7,7
TN,I,81,2010,8,8
TN,I,81,2015,5,7
TN,I,65,1990,7,7
TN,I,65,1995,19,23
TN,I,65,2000,23,30
TN,I,65,2005,15,16
TN,I,65,2010,15,15
TN,I,65,2015,10,13
TN,I,181,1990,3,3
TN,I,181,1995,3,3
TN,I,181,2000,3,3
TN,I,181,2005,2,2
TN,I,26,1990,3,3
TN,I,26,1995,6,6
TN,I,26,2000,5,6
TN,I,26,2005,13,14
TN,I,26,2010,8,8
TN,I,26,2015,1,1
TN,I,240,1990,5,5
TN,I,240,1995,4,4
TN,I,240,2000,3,3
TN,I,240,2005,5,5
TN,I,240,2010,5,6
TN,I,240,2015,9,10
TN,I,55,1990,2,2
TN,I,55,1995,3,4
TN,I,55,2000,1,1
TN,I,55,2005,3,3
TN,I,55,2010,2,2
TN,I,440,1990,2,2
TN,I,440,2005,3,3
TN,I,440,2015,1,1
TN,I,640,1990,1,2
TN,I,640,1995,2,3
TN,I,640,2000,1,1
TN,I,640,2010,2,2
TN,I,640,2015,1,1
TX,I,10,1990,87,102
TX,I,10,1995,87,106
TX,I,10,2000,96,112
TX,I,10,2005,106,130
TX,I,10,2010,66,75
TX,I,10,2015,96,109
TX,I,40,1990,5,5
TX,I,40,1995,10,12
TX,I,40,2000,13,14
TX,I,40,2005,15,19
TX,I,40,2010,8,10
TX,I,40,2015,8,12
TX,I,30,1990,34,42
TX,I,30,1995,41,46
TX,I,30,2000,39,51
TX,I,30,2005,31,33
TX,I,30,2010,32,33
TX,I,30,2015,34,43
TX,I,27,1990,10,11
TX,I,27,1995,8,10
TX,I,27,2000,8,8
TX,I,27,2005,8,8
TX,I,27,2010,4,4
TX,I,27,2015,5,5
TX,I,820,1990,10,12
TX,I,820,1995,6,7
TX,I,820,2000,12,16
TX,I,820,2005,4,8
TX,I,820,2010,11,11
TX,I,820,2015,16,22
TX,I,45,1990,66,76
TX,I,45,1995,48,53
TX,I,45,2000,49,56
TX,I,45,2005,57,91
TX,I,45,2010,43,50
TX,I,45,2015,53,56
TX,I,35,1990,70,80
TX,I,35,1995,91,103
TX,I,35,2000,103,127
TX,I,35,2005,105,128
TX,I,35,2010,58,65
TX,I,35,2015,82,91
TX,I,610,1990,12,12
TX,I,610,1995,14,14
TX,I,610,2000,13,13
TX,I,610,2005,8,8
TX,I,610,2010,8,8
TX,I,610,2015,11,14
TX,I,20,1990,51,52
TX,I,20,1995,55,65
TX,I,20,2000,72,83
TX,I,20,2005,64,74
TX,I,20,2010,52,65
TX,I,20,2015,74,98
TX,I,35E,1990,17,18
TX,I,35E,1995,4,9
TX,I,35E,2000,6,7
TX,I,35E,2005,7,8
TX,I,35E,2010,8,9
TX,I,35E,2015,10,10
TX,I,635,1990,14,18
TX,I,635,1995,7,7
TX,I,635,2000,15,17
TX,I,635,2005,13,14
TX,I,635,2010,14,15
TX,I,635,2015,15,15
TX,I,37,1990,10,10
TX,I,37,1995,15,16
TX,I,37,2000,12,15
TX,I,37,2005,9,9
TX,I,37,2010,16,21
TX,I,37,2015,16,16
TX,I,410,1990,5,6
TX,I,410,1995,9,11
TX,I,410,2000,7,8
TX,I,410,2005,7,8
TX,I,410,2010,7,8
TX,I,410,2015,8,10
UT,I,15,1990,58,65
UT,I,15,1995,48,60
UT,I,15,2000,50,63
UT,I,15,2005,52,68
UT,I,15,2010,30,38
UT,I,15,2015,30,37
UT,I,80,1990,12,18
UT,I,80,1995,15,17
UT,I,80,2000,10,10
UT,I,80,2005,14,18
UT,I,80,2010,8,9
UT,I,80,2015,10,11
UT,I,70,1990,12,13
UT,I,70,1995,7,9
UT,I,70,2000,18,19
UT,I,70,2005,9,10
UT,I,70,2010,9,10
UT,I,70,2015,7,10
UT,I,215,1990,3,4
UT,I,215,1995,6,6
UT,I,215,2000,7,8
UT,I,215,2005,3,3
UT,I,215,2010,2,2
UT,I,215,2015,5,6
UT,I,84,1990,1,1
UT,I,84,1995,5,6
UT,I,84,2000,6,6
UT,I,84,2005,6,14
UT,I,84,2010,2,2
UT,I,84,2015,4,4
VT,I,89,1990,2,2
VT,I,89,1995,7,10
VT,I,89,2000,3,3
VT,I,89,2005,1,1
VT,I,89,2010,4,5
VT,I,89,2015,2,2
VT,I,91,1990,6,6
VT,I,91,1995,5,6
VT,I,91,2000,5,5
VT,I,91,2005,4,4
VT,I,91,2010,4,4
VT,I,91,2015,5,6
VA,I,66,1990,8,8
VA,I,66,1995,4,4
VA,I,66,2000,14,15
VA,I,66,2005,11,11
VA,I,66,2010,7,7
VA,I,66,2015,4,4
VA,I,95,1990,48,60
VA,I,95,1995,43,46
VA,I,95,2000,28,35
VA,I,95,2005,30,36
VA,I,95,2010,23,28
VA,I,95,2015,18,19
VA,I,81,1990,27,33
VA,I,81,1995,34,34
VA,I,81,2000,27,30
VA,I,81,2005,23,23
VA,I,81,2010,16,17
VA,I,81,2015,17,18
VA,I,85,1990,5,5
VA,I,85,1995,15,15
VA,I,85,2000,8,8
VA,I,85,2005,5,5
VA,I,85,2010,5,6
VA,I,85,2015,8,9
VA,I,264,1990,6,6
VA,I,264,2000,1,1
VA,I,264,2005,6,6
VA,I,264,2010,3,3
VA,I,264,2015,5,6
VA,I,77,1990,4,4
VA,I,77,1995,2,2
VA,I,77,2000,8,9
VA,I,77,2005,4,4
VA,I,77,2010,7,7
VA,I,77,2015,4,6
VA,I,581,1990,1,1
VA,I,581,2005,2,2
VA,I,64,1990,23,25
VA,I,64,1995,26,30
VA,I,64,2000,23,23
VA,I,64,2005,28,33
VA,I,64,2010,17,19
VA,I,64,2015,33,34
VA,I,664,1990,2,2
VA,I,664,1995,3,3
VA,I,664,2000,2,2
VA,I,664,2005,2,2
VA,I,664,2010,3,3
VA,I,664,2015,2,2
VA,I,564,1990,1,1
VA,I,564,1995,1,1
VA,I,564,2015,1,1
VA,I,395,1990,2,2
VA,I,395,1995,1,1
VA,I,395,2000,3,4
VA,I,395,2005,2,2
VA,I,395,2010,2,2
VA,I,395,2015,1,2
WA,I,5,1990,41,51
WA,I,5,1995,28,33
WA,I,5,2000,34,35
WA,I,5,2005,28,33
WA,I,5,2010,19,21
WA,I,5,2015,33,34
WA,I,182,1990,2,2
WA,I,182,1995,1,2
WA,I,182,2000,1,1
WA,I,182,2010,1,3
WA,I,182,2015,1,1
WA,I,82,1990,15,16
WA,I,82,1995,13,14
WA,I,82,2000,9,9
WA,I,82,2005,8,9
WA,I,82,2010,2,4
WA,I,82,2015,8,11
WA,I,90,1990,20,24
WA,I,90,1995,13,14
WA,I,90,2000,27,32
WA,I,90,2005,17,19
WA,I,90,2010,15,17
WA,I,90,2015,14,14
WA,I,205,1990,1,1
WA,I,205,1995,2,2
WA,I,205,2015,1,1
WA,I,405,1990,2,2
WA,I,405,1995,2,2
WA,I,405,2000,6,6
WA,I,405,2005,1,1
WA,I,405,2010,1,1
WA,I,405,2015,4,4
WV,I,64,1990,9,10
WV,I,64,1995,17,18
WV,I,64,2000,11,14
WV,I,64,2005,13,15
WV,I,64,2010,4,7
WV,I,64,2015,9,12
WV,I,79,1990,16,25
WV,I,79,1995,11,14
WV,I,79,2000,12,17
WV,I,79,2005,20,24
WV,I,79,2010,22,24
WV,I,79,2015,8,8
WV,I,77,1990,17,19
WV,I,77,1995,13,13
WV,I,77,2000,22,26
WV,I,77,2005,19,23
WV,I,77,2010,8,10
WV,I,77,2015,8,9
WV,I,70,1990,3,3
WV,I,70,1995,1,1
WV,I,70,2000,2,2
WV,I,70,2005,2,2
WV,I,70,2010,2,4
WV,I,70,2015,2,3
WV,I,470,1990,1,1
WV,I,470,2010,1,1
WV,I,81,1990,2,2
WV,I,81,1995,3,5
WV,I,81,2000,5,6
WV,I,81,2005,2,2
WI,I,94,1990,15,15
WI,I,94,1995,12,13
WI,I,94,2000,17,19
WI,I,94,2005,13,20
WI,I,94,2010,8,10
WI,I,94,2015,12,12
WI,I,43,1990,6,7
WI,I,43,1995,5,5
WI,I,43,2000,7,7
WI,I,43,2005,9,10
WI,I,43,2010,7,7
WI,I,43,2015,6,6
WI,I,90,1990,9,13
WI,I,90,1995,7,10
WI,I,90,2000,5,5
WI,I,90,2005,4,4
WI,I,90,2010,6,6
WI,I,90,2015,8,8
WY,I,80,1990,23,29
WY,I,80,1995,23,31
WY,I,80,2000,24,27
WY,I,80,2005,17,23
WY,I,80,2010,21,26
WY,I,80,2015,11,14
WY,I,90,1990,5,6
WY,I,90,1995,3,3
WY,I,90,2000,6,7
WY,I,90,2005,9,9
WY,I,90,2010,5,6
WY,I,90,2015,5,5
WY,I,25,1990,4,5
WY,I,25,1995,18,19
WY,I,25,2000,15,17
WY,I,25,2005,15,18
WY,I,25,2010,8,9
WY,I,25,2015,9,9
AL,I,565,1995,2,3
AL,I,565,2005,5,6
AL,I,565,2010,2,2
AL,I,565,2015,4,4
DE,I,495,1995,1,1
DE,I,495,2000,2,2
DE,I,495,2005,3,3
DE,I,495,2010,1,1
DE,I,495,2015,3,3
DE,I,95,1995,8,8
DE,I,95,2000,5,5
DE,I,95,2005,6,6
DE,I,95,2010,2,2
DE,I,95,2015,5,5
DE,I,295,1995,1,1
DE,I,295,2005,1,1
GA,I,520,1995,2,2
GA,I,520,2000,4,4
GA,I,520,2010,2,2
GA,I,59,1995,1,1
GA,I,59,2010,1,1
GA,I,59,2015,1,1
ID,I,184,1995,1,1
ID,I,184,2000,1,1
ID,I,184,2010,1,1
ID,I,184,2015,1,1
IL,I,474,1995,3,4
IL,I,474,2010,1,1
IL,I,39,1995,1,1
IL,I,39,2000,3,4
IL,I,39,2005,3,3
IL,I,39,2010,1,1
IL,I,39,2015,4,4
IL,I,155,1995,1,1
IL,I,155,2000,1,1
IL,I,155,2015,1,1
IL,I,270,1995,1,1
IL,I,270,2000,1,1
IL,I,270,2005,3,3
IL,I,270,2010,1,1
IL,I,270,2015,2,2
LA,I,210,1995,4,4
LA,I,210,2000,4,5
LA,I,210,2005,2,5
LA,I,210,2010,3,4
LA,I,210,2015,2,2
ME,I,295,1995,1,1
ME,I,295,2005,7,8
ME,I,295,2010,3,3
ME,I,295,2015,1,1
MD,I,895,1995,1,1
MD,I,895,2005,2,3
MD,I,895,2010,2,2
MA,I,84,1995,1,1
MA,I,84,2010,2,2
MA,I,190,1995,1,1
MA,I,190,2000,1,1
MA,I,190,2005,1,1
MA,I,190,2010,5,7
MA,I,190,2015,3,4
MI,I,496,1995,1,1
MI,I,496,2000,1,1
MI,I,496,2010,1,1
MS,I,220,1995,2,4
MS,I,220,2000,1,1
MS,I,220,2005,1,1
MS,I,220,2010,2,3
MS,I,220,2015,3,3
NH,I,89,1995,1,1
NH,I,89,2000,1,1
NH,I,89,2005,5,5
NH,I,89,2010,2,2
NH,I,89,2015,1,1
NH,I,293,1995,2,3
NH,I,293,2005,3,3
NH,I,293,2010,2,5
NH,I,293,2015,1,1
NH,I,95,1995,2,2
NH,I,95,2000,2,2
NH,I,95,2005,2,2
NH,I,95,2010,4,5
NH,I,95,2015,3,3
NJ,I,195,1995,1,1
NJ,I,195,2000,1,1
NJ,I,195,2005,3,3
NJ,I,195,2010,1,1
NJ,I,195,2015,4,4
NY,I,481,1995,1,2
NY,I,481,2010,1,1
NY,I,590,1995,1,1
NY,I,590,2005,1,2
NY,I,590,2015,1,1
NC,I,440,1995,1,1
NC,I,440,2000,6,7
NC,I,440,2005,3,3
NC,I,440,2010,3,3
NC,I,440,2015,4,5
NC,I,240,1995,2,2
NC,I,240,2005,3,3
NC,I,240,2010,3,3
NC,I,240,2015,2,2
OH,I,675,1995,1,1
OH,I,675,2000,4,4
OH,I,675,2005,6,7
OH,I,675,2010,1,1
PA,I,279,1995,5,10
PA,I,279,2000,2,2
PA,I,476,1995,3,4
PA,I,476,2000,6,6
PA,I,476,2010,1,1
PA,I,476,2015,7,8
PA,I,676,1995,1,1
PA,I,676,2015,1,1
PA,I,176,1995,2,2
PA,I,176,2000,2,3
PA,I,176,2005,2,2
SC,I,526,1995,1,1
SC,I,526,2000,2,3
SC,I,526,2005,2,2
SC,I,526,2015,2,2
TN,I,155,1995,1,1
TN,I,155,2000,1,1
TX,I,45G,1995,2,2
VT,I,93,1995,1,1
VA,I,495,1995,2,2
VA,I,495,2000,4,5
VA,I,495,2005,4,4
VA,I,495,2010,1,1
VA,I,495,2015,1,1
VA,I,295,1995,4,5
VA,I,295,2000,4,5
VA,I,295,2005,4,4
VA,I,295,2010,8,9
VA,I,295,2015,8,10
WV,I,68,1995,4,4
WV,I,68,2000,2,2
WV,I,68,2010,2,2
WV,I,68,2015,3,4
AR,I,530,2000,5,5
AR,I,530,2005,6,6
AR,I,530,2010,2,2
AR,I,530,2015,4,6
CA,I,980,2000,2,2
CA,I,980,2005,1,1
CA,I,780,2000,1,1
CA,I,780,2005,1,1
CA,I,780,2010,1,1
IA,I,480,2000,2,2
KS,I,470,2000,1,1
KY,I,275,2000,1,1
KY,I,275,2010,2,2
KY,I,275,2015,4,5
LA,I,310,2000,2,2
LA,I,310,2005,1,1
LA,I,310,2010,2,2
LA,I,220,2000,2,2
LA,I,220,2005,3,3
LA,I,220,2010,8,8
MD,I,97,2000,1,1
MD,I,97,2005,4,4
MD,I,97,2010,1,1
MD,I,97,2015,1,1
MD,I,595,2000,2,2
MD,I,595,2005,1,1
MD,I,595,2010,2,2
MD,I,595,2015,4,4
MA,I,395,2000,2,2
MA,I,395,2015,3,3
MI,I,194,2000,2,2
MN,I,394,2000,1,1
MN,I,394,2005,1,1
MO,I,670,2000,1,1
MO,I,57,2000,1,1
MO,I,57,2005,1,3
NE,I,129,2000,1,1
NV,I,515,2000,7,8
NV,I,515,2005,1,1
NV,I,215,2000,5,6
NV,I,215,2005,1,1
NV,I,215,2010,4,5
NV,I,215,2015,1,1
NV,I,580,2000,1,3
NV,I,580,2005,1,1
NV,I,580,2015,2,2
NY,I,86,2000,2,2
NY,I,86,2005,2,2
NY,I,86,2010,2,2
NY,I,86,2015,5,5
NC,I,74,2000,1,1
NC,I,74,2015,5,5
NC,I,485,2000,3,3
NC,I,485,2005,6,6
NC,I,485,2015,8,8
OH,I,670,2000,3,3
OH,I,670,2005,1,1
OH,I,670,2015,2,3
OH,I,470,2000,1,1
OH,I,74,2000,2,2
OH,I,74,2005,2,3
OH,I,74,2010,1,2
OH,I,74,2015,1,1
OK,I,235,2000,1,1
OK,I,235,2005,1,1
OK,I,235,2015,2,2
OR,I,82,2000,1,1
PA,I,99,2000,1,1
PA,I,99,2005,1,1
PA,I,99,2010,1,1
PA,I,99,2015,3,3
PA,I,376,2000,1,1
PA,I,376,2005,3,3
PA,I,376,2010,5,7
PA,I,376,2015,4,4
TN,I,275,2000,1,1
TN,I,275,2005,1,1
TN,I,275,2015,2,2
VA,I,464,2000,1,1
WA,I,705,2000,1,1
WA,I,705,2010,2,2
WI,I,39,2000,10,11
WI,I,39,2005,18,25
WI,I,39,2010,10,13
WI,I,39,2015,7,8
AL,I,165,2005,1,1
AL,I,165,2015,1,1
FL,I,110,2005,2,2
HI,I,H,2005,6,7
HI,I,H,2010,9,9
IN,I,164,2005,1,1
KY,I,471,2005,1,1
NE,I,480,2005,1,1
NE,I,76,2005,1,1
NY,I,695,2005,1,1
NY,I,695,2010,1,1
NC,I,540,2005,2,2
NC,I,540,2010,1,1
NC,I,540,2015,2,2
TN,I,140,2005,1,1
TN,I,140,2010,2,2
WI,I,794,2005,1,1
CT,I,291,2010,1,1
GA,I,24,2010,2,2
GA,I,24,2015,2,2
IN,I,265,2010,1,1
IN,I,265,2015,1,1
IA,I,280,2010,1,1
IA,I,280,2015,1,1
LA,I,510,2010,1,1
LA,I,510,2015,1,1
NC,I,795,2010,1,1
NC,I,840,2010,1,1
NC,I,840,2015,1,1
OR,I,105,2010,1,1
PA,I,283,2010,1,1
PA,I,283,2015,1,1
PA,I,579,2010,1,1
TX,I,44,2010,1,1
WI,I,894,2010,1,1
WI,I,894,2015,1,1
AL,I,359,2015,1,1
DC,I,695,2015,1,1
IN,I,865,2015,1,1
IN,I,275,2015,1,1
IA,I,129,2015,1,1
IA,I,74,2015,2,2
MS,I,69,2015,1,1
MO,I,49,2015,7,8
NC,I,73,2015,6,6
NC,I,295,2015,1,1
OH,I,471,2015,1,1
TX,I,69,2015,19,20